cert_hash,region,proposed_ms,received_ms,voted_ms,committed_ms
29efd1ab324c0acb86d18ba9b7f3d1065c6f24f3ebcb987b8d4ebfff1275ae7b,ap-northeast-1,,1778640772647,1778640772647,
29efd1ab324c0acb86d18ba9b7f3d1065c6f24f3ebcb987b8d4ebfff1275ae7b,ap-southeast-2,,1778640778311,1778640778311,
29efd1ab324c0acb86d18ba9b7f3d1065c6f24f3ebcb987b8d4ebfff1275ae7b,eu-west-1,,1778640763548,1778640763548,
29efd1ab324c0acb86d18ba9b7f3d1065c6f24f3ebcb987b8d4ebfff1275ae7b,sa-east-1,,1778640777416,1778640777416,
29efd1ab324c0acb86d18ba9b7f3d1065c6f24f3ebcb987b8d4ebfff1275ae7b,us-east-1,1778640759881,,,
29efd1ab324c0acb86d18ba9b7f3d1065c6f24f3ebcb987b8d4ebfff1275ae7b,us-west-2,,1778640759983,1778640759983,
45e8955c48045970b707b408963b30959b36d78ade7c8781cb1a6a047efc5144,ap-northeast-1,,1778640777656,,
45e8955c48045970b707b408963b30959b36d78ade7c8781cb1a6a047efc5144,ap-southeast-2,,1778640777682,,
45e8955c48045970b707b408963b30959b36d78ade7c8781cb1a6a047efc5144,eu-west-1,,1778640777616,,
45e8955c48045970b707b408963b30959b36d78ade7c8781cb1a6a047efc5144,sa-east-1,1778640777527,,,
45e8955c48045970b707b408963b30959b36d78ade7c8781cb1a6a047efc5144,us-east-1,,1778640777583,1778640777583,
45e8955c48045970b707b408963b30959b36d78ade7c8781cb1a6a047efc5144,us-west-2,,1778640777613,,
4a3afe79cca47ed45210a8709cdf9f34995951dd81ccc6d5bdda8321687cc182,ap-northeast-1,,1778640771976,1778640771976,
4a3afe79cca47ed45210a8709cdf9f34995951dd81ccc6d5bdda8321687cc182,ap-southeast-2,,1778640777472,1778640777472,
4a3afe79cca47ed45210a8709cdf9f34995951dd81ccc6d5bdda8321687cc182,eu-west-1,,1778640764959,1778640763806,
4a3afe79cca47ed45210a8709cdf9f34995951dd81ccc6d5bdda8321687cc182,sa-east-1,,1778640777788,1778640777788,
4a3afe79cca47ed45210a8709cdf9f34995951dd81ccc6d5bdda8321687cc182,us-east-1,,1778640764881,1778640764881,
4a3afe79cca47ed45210a8709cdf9f34995951dd81ccc6d5bdda8321687cc182,us-west-2,1778640764785,,,
4bf9afe49bdff28c6dabfbcb075d86d20db6305819e32161c6225c51fa5db8d6,ap-northeast-1,,1778640775583,,
4bf9afe49bdff28c6dabfbcb075d86d20db6305819e32161c6225c51fa5db8d6,ap-southeast-2,,1778640777472,1778640777472,
4bf9afe49bdff28c6dabfbcb075d86d20db6305819e32161c6225c51fa5db8d6,eu-west-1,,1778640775592,,
4bf9afe49bdff28c6dabfbcb075d86d20db6305819e32161c6225c51fa5db8d6,sa-east-1,,1778640777788,1778640777788,
4bf9afe49bdff28c6dabfbcb075d86d20db6305819e32161c6225c51fa5db8d6,us-east-1,,1778640775566,1778640775566,
4bf9afe49bdff28c6dabfbcb075d86d20db6305819e32161c6225c51fa5db8d6,us-west-2,1778640775535,,,
53b5997b885b9bad016653c15cb31893b462470423e4b1cee804b5d4e2edc423,ap-northeast-1,,1778640770266,1778640770266,
53b5997b885b9bad016653c15cb31893b462470423e4b1cee804b5d4e2edc423,ap-southeast-2,,1778640775896,1778640775896,
53b5997b885b9bad016653c15cb31893b462470423e4b1cee804b5d4e2edc423,eu-west-1,1778640767386,,,
53b5997b885b9bad016653c15cb31893b462470423e4b1cee804b5d4e2edc423,sa-east-1,,1778640775260,1778640775260,
53b5997b885b9bad016653c15cb31893b462470423e4b1cee804b5d4e2edc423,us-east-1,,1778640767487,1778640762477,
53b5997b885b9bad016653c15cb31893b462470423e4b1cee804b5d4e2edc423,us-west-2,,1778640767560,1778640767560,
55c4c80369ba1f425ad14e01bb7566bc1497a1d9bc68b25f8e116f8e51c01e7c,ap-northeast-1,1778640774340,,,
55c4c80369ba1f425ad14e01bb7566bc1497a1d9bc68b25f8e116f8e51c01e7c,ap-southeast-2,,1778640775244,1778640775244,
55c4c80369ba1f425ad14e01bb7566bc1497a1d9bc68b25f8e116f8e51c01e7c,eu-west-1,,1778640774644,1778640769625,
55c4c80369ba1f425ad14e01bb7566bc1497a1d9bc68b25f8e116f8e51c01e7c,sa-east-1,,1778640774729,1778640774424,
55c4c80369ba1f425ad14e01bb7566bc1497a1d9bc68b25f8e116f8e51c01e7c,us-east-1,,1778640774562,1778640769553,
55c4c80369ba1f425ad14e01bb7566bc1497a1d9bc68b25f8e116f8e51c01e7c,us-west-2,,1778640774485,1778640769476,
8e43afd6832df8ae431106e11afe49f0f932adf9f9fe0326b9605e2c996ad338,ap-southeast-2,,1778640778311,1778640778311,
8e43afd6832df8ae431106e11afe49f0f932adf9f9fe0326b9605e2c996ad338,eu-west-1,,1778640774414,,
8e43afd6832df8ae431106e11afe49f0f932adf9f9fe0326b9605e2c996ad338,sa-east-1,,1778640777417,,
8e43afd6832df8ae431106e11afe49f0f932adf9f9fe0326b9605e2c996ad338,us-east-1,1778640774380,,,
8e43afd6832df8ae431106e11afe49f0f932adf9f9fe0326b9605e2c996ad338,us-west-2,,1778640774415,,
af9d65e45efbccdd7cf69a65be47eec3b25267eea4747ea3f76aed03fb5aa1a1,ap-northeast-1,,1778640779435,1778640779435,
af9d65e45efbccdd7cf69a65be47eec3b25267eea4747ea3f76aed03fb5aa1a1,ap-southeast-2,,1778640779506,1778640775781,
af9d65e45efbccdd7cf69a65be47eec3b25267eea4747ea3f76aed03fb5aa1a1,eu-west-1,,1778640779303,1778640774292,
af9d65e45efbccdd7cf69a65be47eec3b25267eea4747ea3f76aed03fb5aa1a1,sa-east-1,1778640779038,,,
af9d65e45efbccdd7cf69a65be47eec3b25267eea4747ea3f76aed03fb5aa1a1,us-east-1,,1778640779205,1778640774194,
af9d65e45efbccdd7cf69a65be47eec3b25267eea4747ea3f76aed03fb5aa1a1,us-west-2,,1778640779297,1778640774285,
d6e923d8e100d36a45806a796edcd1e65a3defada2a08d7e1d51e30c974a4f97,ap-northeast-1,,1778640780296,1778640775281,
d6e923d8e100d36a45806a796edcd1e65a3defada2a08d7e1d51e30c974a4f97,ap-southeast-2,1778640780109,,,
d6e923d8e100d36a45806a796edcd1e65a3defada2a08d7e1d51e30c974a4f97,eu-west-1,,1778640780492,1778640775473,
d6e923d8e100d36a45806a796edcd1e65a3defada2a08d7e1d51e30c974a4f97,sa-east-1,,1778640780572,1778640780572,
d6e923d8e100d36a45806a796edcd1e65a3defada2a08d7e1d51e30c974a4f97,us-east-1,,1778640780407,1778640775390,
d6e923d8e100d36a45806a796edcd1e65a3defada2a08d7e1d51e30c974a4f97,us-west-2,,1778640780318,1778640775303,
f3b4b9b38d5317102a4ec5cf528cccf09d3f3a004d5ca8fa1b266d46e229d191,ap-northeast-1,,1778640777657,,
f3b4b9b38d5317102a4ec5cf528cccf09d3f3a004d5ca8fa1b266d46e229d191,ap-southeast-2,1778640777594,,,
f3b4b9b38d5317102a4ec5cf528cccf09d3f3a004d5ca8fa1b266d46e229d191,eu-west-1,,1778640777720,,
f3b4b9b38d5317102a4ec5cf528cccf09d3f3a004d5ca8fa1b266d46e229d191,sa-east-1,,1778640777748,,
f3b4b9b38d5317102a4ec5cf528cccf09d3f3a004d5ca8fa1b266d46e229d191,us-east-1,,1778640777694,1778640777694,
f3b4b9b38d5317102a4ec5cf528cccf09d3f3a004d5ca8fa1b266d46e229d191,us-west-2,,1778640777664,1778640777664,
